{
  "Name": "pbatard/rufus",
  "Icon_uri": "",
  "Type": "GitHub",

  "Versions": [
    {
      "Architecture": "AMD64",
      "URI": "rufus-3.20.exe",
      "Operating_systems": "Windows"
    },
    {
      "Architecture": "x86",
      "URI": "rufus-3.20.exe",
      "Operating_systems": "Windows"
    },
    {
      "Architecture": "ARM",
      "URI": "rufus-3.20_arm.exe",
      "Operating_systems": "Windows"
    },
    {
      "Architecture": "ARM64",
      "URI": "rufus-3.20_arm64.exe",
      "Operating_systems": "Windows"
    }
  ]
}